en_claim,label
Can masks reduce corona infections when worn by a large proportion of the population?,0
Can homeopathic preparations with Anamirta cocculus help against dizziness?,1
Can zeolite alleviate or prevent health problems?,1
Does paxlovid protect unvaccinated people with risk factors from severe or even fatal covid 19 disease?,0
"Does starting school later improve health, learning success, and quality of life in adolescents?",1
Does the F.X. Mayr cure have health benefits? Can it prevent diseases or treat them?,1
Does the consumption of soy foods or soy isoflavones affect the appearance of acne skin?,1
Does extract from the Damiana plant (Turnera diffusa) help with erectile dysfunction?,1
Is the homeopathic remedy Neradin effective for erectile dysfunction?,1
Does regular HPV testing in addition to the recommended Pap smear detect more precancerous lesions than just the Pap smear alone?,0
Can monk's pepper reduce PMS symptoms? PMS is the abbreviation for premenstrual syndrome. This refers to complaints that occur in the days before menstruation.,0
Can olive leaf extract reduce high blood pressure?,1
Do green-lipped mussel preparations improve the symptoms of osteoarthritis?,1
Can probiotics lower blood sugar in type 2 diabetes?,0
Can the so-called Tupler technique help against rectus diastasis?,1
Can CBD (cannabidiol) help with migraines or other headaches?,1
Can laser irradiation of blood by infusion needle (hemolaser treatment) relieve discomfort or help with diseases?,1
"In everyday life, when breathing with an FFP2 mask or ordinary mouth-nose protection, do you get as much oxygen as without a mask?",0
Can CBD help with period pain?,1
"Can a bioresonance device like ""Bioscan"" or ""Vieva Vital Analyser"" measure mineral and vitamin deficiencies or detect health problems?",2
Does arthroscopy (joint endoscopy) help with osteoarthritis of the knee joint?,2
"Do dietary supplements containing silicon (e.g. as ""organic silicon"" or silica) have health benefits?",1
Can regular intake of cranberry juice or cranberry extract prevent recurrent cystitis in women?,0
Will women who have recurrent bladder infections get rid of them faster if they take cranberry products only after the disease is already there???,1
Can extract from St. John's wort relieve the symptoms of depression? Is it similarly effective as drugs against depression (antidepressants)?,0
"Does the Zisano bracelet strengthen the immune system, increase endurance and performance or reduce fatigue?",1
"Does microimmunotherapy improve symptoms of allergies, cancer, joint inflammation, autoimmune diseases, dementia or various viral infections?",1
Can ginkgo extract improve mental performance in dementia patients?,0
Does pine wood improve sleep?,1
Do spermidine supplements or a spermidine-rich diet reduce the risk of Alzheimer's disease and other forms of dementia? Do they help with existing dementia?,1
Do green-lipped mussel preparations improve the symptoms of rheumatoid arthritis?,1
Does covid vaccination reduce the likelihood of getting long-lasting symptoms (long covid) in case of corona infection?,0
Can the preventive intake of lysine prevent cold sores (lip herpes) and genital herpes? Can lysine help when the blisters are already there?,1
"Do hormonal contraceptives to swallow (the ""pill"") affect endurance performance in women?",0
Does the pill affect the muscle strength of women??,2
Does whole-body cryotherapy in the cold chamber improve health?,1
Does transcranial pulse stimulation (TPS) improve mental performance in people with Alzheimer's dementia? Can the treatment improve the quality of life of those affected?,1
Can low-level laser therapy reduce pain from knee or hip osteoarthritis?,1
Can low-level laser therapy reduce wrist osteoarthritis pain?,2
Does blood type affect the likelihood that Covid 19 disease will take a severe course or lead to death?,1
"Do mouth rinses with hydroxyapatite, for example the products ""Linola sept mouth rinse"" and ""Karex Abwehr"", protect against SARS-CoV-2 infection?",1
Does CBD (cannabidiol) relieve symptoms of mild to moderate covid-19 disease?,2
Does CBD or cannabis use protect against covid-19 disease???,1
Do sedatives and sleeping pills such as benzodiazepines and related substances increase the risk of Alzheimer's disease or other forms of dementia?,1
"Does taking polyunsaturated fatty acids, such as omega-3 and omega-6, reduce ADHD symptoms in children?",2
Do infusions of vitamin C relieve symptoms of chronic fatigue or long covid?,1
Does taking probiotics shorten the duration of acute infectious diarrhea?,2
Does high-dose vitamin D slow down the course of disease in multiple sclerosis (MS)?,1
Does taking taiga root extract strengthen the immune system? Can it make vaccinations more effective or tolerable?,1
"Can ozone therapy, in which autologous blood is treated with ozone and recycled, favorably influence the course of COVID-19 disease?",1
Does dimenhydrinate relieve travel nausea better than a placebo?,1
Does dimenhydrinate relieve travel nausea as well as the proven drug scopolamine???,1
Does short-term fasting improve quality of life in cancer?,1
Does short-term fasting reduce the side effects of chemotherapy for cancer???,1
Are extracts of Artemisa annua (annual mugwort) or the active ingredient artemisinin obtained from it effective against coronavirus?,1
Can zinc mitigate the progression of Covid-19?,2
Does zinc preventively protect against covid-19 disease???,1
Does a cold spray with trypsin protect against colds or covid-19? Does the spray reduce symptoms and duration of illness?,1
"Does injecting low-dose Corona vaccine into the skin (mesotherapy vaccination, microvaccination) protect against Covid-19 as well as proven full-dose vaccination into muscle?",1
Do herbal remedies with nasturtium and horseradish (Kren) prevent recurrent cystitis?,2
Do herbal remedies with nasturtium and horseradish alleviate the symptoms of cystitis as well as an antibiotic???,1
Does mistletoe therapy help against cancer or can it improve the quality of life of cancer patients?,1
Can homeopathic remedies prevent colds in children?,2
Can homeopathic remedies relieve colds in children??,2
Do agents containing uridine and/or cytidine improve the symptoms of polyneuropathy?,1
Can treatments with ultrasound relieve the pain of osteoarthritis?,1
Does regular exercise reduce the severity and duration of colds and other respiratory infections?,0
Can regular exercise prevent you from getting a cold or other respiratory infections???,2
"Can cold showers, cold baths or cold water treading according to Kneipp prevent colds and respiratory infections in adults?",1
"Can the Wim Hof method - consisting of breathing training, meditation and acclimatization to cold - strengthen the immune system of healthy people and thus prevent infectious diseases?",1
Do saw palmetto preparations improve the symptoms of benign enlarged prostate (benign prostatic hyperplasia) in the longer term compared to placebo?,2
Does honey help against acute cough in children?,0
Can Artemisia tea cure malaria as well as drugs?,1
Does thyme help against cough?,1
Does coenzyme Q10 relieve muscle discomfort during treatment with statins?,1
Does Chaga mushroom help against cancer or other diseases?,1
"Can filtering out blue light using blue filter glasses or night mode settings on smartphone, tablet or laptop screens have a beneficial effect on sleep?",2
Is strophanthin an effective cardiovascular drug?,1
Can regular intake of vitamin C prevent colds?,2
Can taking vitamin C after the onset of a cold relieve symptoms or shorten the illness?,2
Do saline nasal rinses and nasal sprays or inhaling with steam from saline solution help with colds?,1
Do remedies with ginseng help with erectile dysfunction?,2
Can taking spermidine prolong life? Can it prevent diseases?,1
Can capsules or tablets with lactase improve the symptoms of lactose intolerance and make dairy products more tolerable?,0
Can weighted blankets help with sleep disorders?,1
Does the drug remdesivir prevent COVID-19 deaths?,2
Does magnetic resonance therapy improve complaints of knee osteoarthritis or herniated discs (e.g. pain)?,2
Are oral zinc supplements effective for treating a cold (chill)?,0
Do oral zinc supplements prevent a cold???,1
Is colloidal gold good for health?,1
Do probiotics alleviate the symptoms of irritable bowel syndrome?,0
Do you get a stomach ache if you eat cherries or other stone fruit and then drink water?,1
Can acoustic CR Â® neuromodulation according to Tass help with tinnitus?,1
Is ivermectin an effective drug for treating covid 19 disease?,2
Does ivermectin lower the risk of death in covid-19?,1
Can green tea protect against coronavirus infection or help treat covid-19?,1
Does vitamin D alleviate autism symptoms in children?,1
Does glutathione improve the tolerability of chemotherapy for cancer?,1
Does carnosine relieve autism symptoms in children?,2
Can echinacea protect against Sars-CoV-2 infection or help treat covid-19?,1
"Does amygdalin, the toxin from the seeds of apricots and other stone fruits, help against cancer?",1
Can ginkgo extract relieve the symptoms of tinnitus?,2
Do remedies with ginkgo help against tinnitus in people with dementia?,1
Does garlic protect against corona infections?,1
Does garlic protect against a cold (chill)??,1
Do dietary supplements with magnesium and/or zinc improve symptoms in children with ADHD?,1
"Does a nasal spray with carrageenan from red algae relieve discomfort from a cold (""chill"")?",2
Does a nasal spray with carrageenan from red algae prevent colds?,1
"Can the ""Miracle Mineral Supplement"" MMS (sodium chlorite) cure diseases or alleviate ailments?",1
Does MMS help with an infection with the coronavirus (Covid-19)?,1
"Does colloidal silver (""silver water"") work against infection with the coronavirus or other pathogens? Does it have any other health benefits?",1
Is whole-body vibration therapy effective in preventing bone fractures in osteoporosis sufferers?,1
Does regular gargling with antimicrobial mouthwashes protect against contracting coronavirus? Does it help get better faster if you have Covid 19 disease?,1
Can inhalation with budesonide spray relieve symptoms of covid-19?,0
"Can budesonide spray inhalation for covid-19 reduce the risk of hospitalization, severe or even fatal outcome?",1
Does a nasal spray with carrageenan from red algae prevent infection with coronavirus? Can it alleviate a covid 19 disease that has already broken out?,1
"Does the product ""BestProvita Diabetin"" improve blood glucose levels in type 2 diabetes or does it prevent secondary diseases?",1
Do blueberries improve blood sugar levels in type 2 diabetes or do they prevent secondary diseases?,1
Do self-performed nasal drill tests in symptom-free individuals detect coronavirus infection as reliably as professionally performed rapid tests using swabs from the nasopharynx?,1
Are rapid antigen tests as reliable as slower PCR tests? Does a negative (inconspicuous) rapid test result reliably exclude an infection with the coronavirus?,2
Does CBD help with sleep disorders?,1
Are heavy (ex-)smokers less likely to die of lung cancer if they regularly participate in lung cancer screening by computed tomography (CT)?,0
Can lung cancer screening by computed tomography (CT) also do harm???,0
Does hydroxychloroquine reduce the likelihood of dying from covid-19 disease?,2
Does hydroxychloroquine prevent covid-19 infection???,2
Do preparations containing rockrose have a preventive or soothing effect on colds (chills) and other upper respiratory tract infections? Can they protect against infections with the coronavirus?,1
"Can Medistus Antivirus Lozenges protect against colds, flu, covid-19, or other respiratory infections?",1
Does Spirulina help with obesity?,1
Does spirulina have a health-promoting effect???,1
Does gargling with hydrogen peroxide (H2O2) help against coronavirus or others in throat infections?,1
Does gargling with hydrogen peroxide have health risks?,1
Can vitamin C prevent infection with coronavirus or prevent deaths from covid-19?,1
Does vitamin D prevent covid-19 disease? Does vitamin D mitigate the course of Covid 19 disease?,1
Is plasma therapy for covid-19 effective in preventing deaths?,1
Does treatment with cortisone-like drugs such as dexamethasone ensure that more critically ill patients survive Covid 19 disease?,0
Can contact with holy water make you sick?,1
Can Echinacea protect against colds?,0
Can echinacea relieve the discomfort of colds???,1
Does taking LaVita promote health or physical and mental performance? (Reader inquiry),1
"Do dental care products with nanoparticles of hydroxyapatite help pain-sensitive teeth? And can they prevent caries or repair already affected, decayed tooth enamel?",1
Can light therapy with light lamps relieve the symptoms of autumn-winter depression?,0
Does vitamin B3 protect against severe covid-19 events?,1
Does taking coenzyme Q10 improve movement disorders in Parkinson's disease?,2
Does treatment with focused high-intensity ultrasound (HIFU) reduce abdominal girth?,0
Does sugar substitution increase the risk of developing or dying from cancer?,1
Does ozonated vegetable oil help against athlete's foot or nail fungus?,1
Does ozonated vegetable oil help against vaginal fungus??,1
Are health checks of symptom-free individuals (screening) effective in containing the pandemic?,1
Does melatonin help against jet lag?,0
Does sunscreen reduce the likelihood of skin cancer?,1
Are international travel restrictions and border health checks effective in curbing the spread of covid-19?,0
Does hypnosis help with smoking cessation?,1
Does denosumab (Prolia) reduce the risk of vertebral fractures in osteoporosis?,0
Does discontinuation of denosumab increase the risk of vertebral fractures???,1
Does taking magnesium improve the symptoms of depression?,1
Does focused ultrasound (HIFU) treatment reduce wrinkles and sagging of the skin?,1
Does a ketogenic diet help against cancer?,1
Do curd compresses have an analgesic effect (e.g. for muscle and joint pain)? Do they have an antipyretic effect? Do curd compresses help breastfeeding women with lactation congestion?,1
Does deuterium-reduced water prevent cancer?,1
Does deuterium-reduced water improve disease progression in cancer???,1
Can a special mattress relieve nighttime rheumatism symptoms and thus improve sleep?,1
Do people with blood group AB have a higher risk of developing dementia?,2
Does therapeutic dancing help people with Parkinson's improve their movement problems?,0
Is it possible to reliably detect coronavirus infection based only on symptoms but without laboratory testing?,2
Are home coronavirus self-tests as reliable as tests performed by trained healthcare professionals?,1
Does biotin help with hair loss? Does biotin make hair grow faster?,1
Can induction of labor prevent infant deaths in pregnancies that go beyond the estimated due date? Does it reduce the number of neonatal intensive care unit stays?,0
Does induction of labor make cesarean sections less necessary than observational waiting?,0
Does the number of deliveries with a vacuum cup and forceps remain similar with induction and observational waiting???,0
"Does taking supplements with omega-3 fatty acids reduce the risk of heart attack, stroke or other sudden cardiovascular problems?  Does it lower the risk of dying prematurely?",2
"Can taking dietary supplements with omega-3 fatty acids prevent further heart attacks or strokes if one has already had a heart attack?  In this case, does it lower the risk of dying prematurely??",2
Can cosmetic products with caffeine for hair and scalp help against hereditary hair loss?,1
Is music therapy with rhythmic training helpful for people with Parkinson's who have trouble walking?,0
Do preparations with unsaponifiable components of avocado and soybean oils (ASU) help against limitations and pain in osteoarthritis of the knee joint?,0
Do preparations with unsaponifiable components of avocado and soybean oils (ASU) help against limitations and pain in osteoarthritis of the hip joint?,2
Is it safe to take preparations containing unsaponifiable components of avocado and soybean oils (ASU)?,0
Can taking chondroitin relieve osteoarthritis pain or improve mobility in the long term?,2
Does taking arginine benefit existing cardiovascular disease or does arginine prevent it from developing?,1
"Does ""Detoxic"" work against tapeworms and other parasites? Does ""Detoxic"" help with health complaints?",1
Is mannose as good as or better than antibiotics for preventing recurrent cystitis?,1
Does taking vitamin K lower the risk of spinal fractures in older women?,2
Does taking vitamin K lower the risk of other bone fractures in older women?,0
Does Smartsleep provide better or more restful sleep?,1
"Can supplemental tryptophan, taken as a dietary supplement or with food, help with depression?",1
Can Neuro-Socks relieve pain or improve balance and stability?,1
"Does taking blood pressure medication in the evening prevent more heart attacks, strokes, and other acute cardiovascular diseases?",1
"In Covid-19, do nicotine or smoking have a protective effect, i.e., do they prevent severe progression or death?",1
Can red mold rice products lower blood cholesterol levels?,0
Do products made from red mold rice have fewer side effects than cholesterol-lowering drugs called statins???,2
Can disinfectants containing highly diluted sodium hypochlorite (below 0.1%) render corona and other viruses harmless and thus protect against infection?,1
Does cat's claw improve joint disease symptoms?,1
Do essential oils protect against corona infections and other viral infections like colds or flu?,1
Do air purifiers help relieve symptoms of allergic asthma?,2
Is special baby water better for infants than tap water?,1
Does platelet-rich plasma therapy (autologous blood therapy) reduce pain in osteoarthritis of the knee joint?,0
Does platelet-rich plasma therapy (autologous blood therapy) reduce pain in osteoarthritis of the hip joint???,2
"Can vitamin D supplements prevent colds, flu, colds, and other viral respiratory illnesses when there is no or only a mild deficiency of vitamin D?",2
Does ACE inhibitors like ramipril increase the risk of lung cancer?,1
"Does propolis have a preventive or soothing effect against infection with coronavirus, colds or flu?",1
Does DAILY administration of HIGH-dose atropine (0.5 - 1%) sustainably inhibit the progression of myopia in children?,2
Does MONTHLY administered HIGH-dose atropine (1%) sustainably inhibit the progression of myopia in children?,0
Does LOW dose atropine (0.05% or less) sustainably inhibit the progression of myopia in children???,1
Is quarantining persons who have had contact with infected persons or who enter from high-risk areas an effective measure to reduce the number of COVID-19 infections and deaths?,0
Can homeopathic globules protect against infection with the novel coronavirus?,1
Does the osteoporosis drug teriparatide increase the risk of bone cancer as a side effect?,1
Can therapy with EMDR (Eye Movement Desensitization and Reprocessing) alleviate the symptoms of people with post-traumatic stress disorder?,0
"Does EMDR work similarly to exposure therapy, another well-studied form of psychotherapy for the symptoms of post-traumatic stress disorder???",0
Does filling with hydrogel help with chronic back pain caused by a worn disc?,1
Does taking hyaluronic acid in capsule form improve the symptoms of knee osteoarthritis?,1
"Does taking chlorella provide better performance, more resilience and does it promote health?",1
Does going to the sauna several times a week prolong men's lives?,0
Does going to the sauna several times a week prolong women's lives???,1
Does the additional offer of HIV self-testing cause more people to take an HIV test?,0
"Can the combination of propolis, xyloglucan, gelatin and hibiscus (product ""Utipro Plus"") relieve the symptoms of cystitis or prevent cystitis?",1
Does PEMF noticeably improve pain in osteoarthritis? Does the method improve mobility and quality of life in sufferers?,1
Does oil pulling promote dental health?,1
Can injecting stem cells into the knee joint relieve pain and limitations associated with osteoarthritis?,1
Can an extract of Desmodium promote liver health or relieve other ailments?,1
Does the balsam apple help against infection with the human immunodeficiency virus (HIV)?,1
Does healing clay with the clay mineral smectite help when children have diarrhea?,0
"Does a herbal combination preparation of rosemary, lovage, and centaury effectively relieve symptoms of uncomplicated cystitis?",0
"Can a herbal combination preparation of rosemary, lovage and centaury prevent recurrent cystitis in women?",1
Can healing clay help with gastritis?,1
Does the Indian spice paste Chyawanprash have a positive effect on adult health?,1
Does ginger work against breast cancer?,1
Can Theta Healing help with physical ailments and mental problems?,1
Does taking Bacopa extract improve memory performance?,2
"Do remedies containing the trifoliate fruit alleviate the symptoms of rheumatoid arthritis (""rheumatism"")?",0
Does thyme strengthen memory or prevent mental decline?,1
"Does regular consumption of chia seeds reduce body weight, blood sugar levels or cholesterol?",2
Do heat patches that heat themselves or heat pads help with pain in the neck?,1
Do heat patches containing capsaicin help with neck pain???,2
Do heat patches help with lower back pain?,0
Does ginger help with period pain?,0
"Can the state of health be assessed as reliably with a ""cell check"" analysis as with other diagnostic tests (for example, blood or urine analyses)?",1
Can pain from osteoarthritis (joint wear) be relieved by arnica ointment or arnica gel?,0
Can pain from a sprained ankle be relieved by arnica ointment or arnica gel?,1
Can sore muscles be relieved by arnica ointment or arnica gel?,2
Can carbon dioxide in mineral water and other sparkling drinks damage teeth or cause tooth decay?,1
"Does bark extract from maritime pine (also: ""pine bark extract"") improve the symptoms of osteoarthritis?",1
"Is brown millet effective in favorably influencing the course of the disease in rheumatism (""rheumatoid arthritis"")?",1
Are cannabis or substances derived from cannabis effective and safe anti-cancer agents?,1
It is not always possible to reduce elevated cholesterol levels to a healthy level with tablets and thus minimize the risk of heart attack or stroke. Does this succeed through additional injections with PCSK9 antibodies?,0
Do vaginal suppositories containing the active ingredient imiquimod cause precancerous stages of cervical cancer to recede or disappear?,0
Is blue light treatment as effective as UV light or other established therapies for psoriasis?,1
Does frequent consumption of potatoes increase the risk of dying from cancer?,2
Can cancer be detected by dark field analysis (dark field microscopy) of the blood?,2
Can dark field analysis indicate other health problems?,1
Does kombucha have a positive effect on health?,1
Is graviola an effective and safe treatment for cancer?,1
Does taking preparations with fenugreek extract improve sex life or satisfaction with it?,1
Does disulfiram improve the effectiveness of chemotherapy for cancer?,1
Can binaural beats relieve stress or anxiety before surgery and medical treatments?,1
Is a vegan diet healthier than a vegetarian diet?,1
Can taking chlorophyll change mouth or body odor?,1
Can taking chlorophyll affect the odor of urine in catheter wearers or stool in people with an artificial bowel outlet?,2
Is the risk of bacterial or fungal infection comparable when using menstrual cups or pads?,0
"Laboratory experiments indicate that leoligin and other substances from edelweiss have a medicinal effect. However, this has not been researched in humans.",1
Can a straight bar improve harmless tension and pain in the neck and back?,1
Are ultrasound examinations during pregnancy safe for the health of the child?,0
Can oregano oil relieve discomfort or disease?,1
Are Bach flower remedies effective in helping with test anxiety?,2
Can capsules with diamine oxidase alleviate or prevent symptoms of histamine intolerance?,1
Does magnesium help with period pain?,1
"Does cannabis improve symptoms of Parkinson's disease, for example movement disorders?",1
Is the dietary supplement nattokinase effective and safe as a blood thinner?,1
"Is the Feldenkrais Method effective against pain and tension in the neck, shoulders and back?",1
Does an alkaline bath help with neurodermatitis?,1
"Does birch water, also called birch sap, help with health problems?",1
Is oolong tea an effective way to lose weight?,1
"Do Waveex and similar products reduce exposure to electromagnetic fields, for example when using a cell phone or smartphone?",1
Can ingredients in deodorants like aluminum salts cause breast cancer?,1
"Does the intake of black cumin improve the symptoms of asthma, e.g. shortness of breath?",1
Do specially trained dogs reliably warn of dangerous hypoglycemia?,1
Does taking proton pump inhibitors (PPI) increase the risk of bone fractures?,0
Can matrix therapy (also: matrix rhythm therapy) alleviate complaints of muscles and joints?,1
Can hyposensitization by injections with allergy-causing pollen components help with hay fever?,0
Can hyposensitization by means of drops or tablets administered under the tongue help with hay fever?,0
Do Blushwood berries help against skin cancer?,1
Can relaxation exercises and a reduction in stress slow the progression of glaucoma?,1
Can dementia be prevented by years of orange juice consumption?,1
Can remedies from papaya improve digestion or relieve gastrointestinal discomfort?,1
"Are kinesiotapes effective for chronic non-specific lower back pain (""low back pain"")?",2
Does early detection of lung cancer by trained sniffer dogs provide significant benefits to those affected?,1
Do snoring sprays or gargle solutions help against snoring?,1
Does Maca help with sexual problems such as erectile dysfunction or sexual aversion in men and women?,1
Can glacier milk powder prevent hangover or relieve hangover symptoms?,1
Can ingredients from pomegranate lower elevated blood pressure or reduce the risk of cardiovascular disease?,1
Does regular consumption of red meat or processed meat products increase the risk of colorectal cancer?,0
Does stool transplantation help with ulcerative colitis?,0
Does stool transplantation help in Crohn's disease???,1
"Can remedies from the iambul tree improve blood glucose control in diabetes or precursors of diabetes (""pre-diabetes"")?",1
Does HPV vaccination reduce the risk of cervical cancer in girls?,0
Is stool transplantation effective against recurrent Clostridium difficile infections ?,0
Does the juice of the aronia berry help against cystitis?,1
Is Intermittent Fasting suitable for reducing excess weight as well as a conventional low calorie diet?,0
"Is the risk for the brain inflammation SSPE as a consequence of measles disease greater than long assumed? That is, out of every 100,000 people infected with measles, does more than one person develop SSPE (subacute sclerosing panencephalitis) later in life?",0
Can acupuncture for labor induction trigger the onset of labor?,2
Can switching to a higher fiber diet prevent colorectal cancer?,2
Can perineal massage during pregnancy help prevent birth injury in first-time mothers?,0
Can cancer be effectively treated with vitamin C infusions?,1
Are detox cures good for health?,1
Do sweeteners increase the risk of type 2 diabetes or sugar metabolism disorders?,1
Does flu vaccination reduce the likelihood of getting the flu (influenza)?,0
Can therapy with the radioactive gas radon noticeably alleviate pain in rheumatism-related joint inflammation (rheumatoid arthritis)?,2
Does frankincense help with painful joint wear (osteoarthritis)?,0
"Does the extract of the plant Salacia reticulata in combination with vitamin D (""Exadipin"") help to lose weight?",1
Does yoga reduce the impairment in everyday life caused by persistent (chronic) back pain?,0
Does yoga alleviate the severity of persistent back pain???,2
Do laughter yoga or laughter therapy have positive health effects?,1
Can a height-adjustable desk reduce sitting time in the office?,0
Does a diet that includes as many organic foods as possible lower the risk of cancer?,1
Does cinnamon lower blood sugar levels in diabetes?,2
Does sitting for long periods shorten the lifespan?,0
Does mammography screening reduce the risk of dying from breast cancer in certain age groups?,0
"Should wisdom teeth that have not or not completely grown out of the jaw and gums be removed as a precaution? Even if the ""impacted"" teeth are not causing any symptoms at the moment and no pathological changes are to be expected immediately?",1
"Do turmeric preparations alleviate the symptoms of knee osteoarthritis (""joint wear"") better than a placebo?",1
"Do turmeric preparations relieve the symptoms of rheumatoid arthritis (""rheumatism"") better than a placebo or painkiller???",1
Does the intake of omega-3 fatty acids improve the clinical picture in multiple sclerosis (MS) or does this inhibit progression of the disease?,2
Does taking vitamin A or following certain diets improve or halt the progression of multiple sclerosis (MS)?,1
Can Botox injections prevent migraine attacks?,0
Does taking probiotics facilitate weight loss to any significant degree?,2
Does the full moon have a negative effect on sleep duration?,2
Can lemon juice prevent or effectively treat gastrointestinal illness caused by norovirus?,1
"For knee osteoarthritis, does rubbing DMSO into the knee bring less pain and more mobility than rubbing a placebo?",2
"In case of osteoarthritis of the knee, does rubbing DMSO bring less pain and more mobility than the recognized painkiller diclofenac???",1
Does taking vitamin D improve symptoms in the most common form of psoriasis?,2
Does taking fish oil with omega-3 fatty acids improve the symptoms of various forms of psoriasis more than a placebo???,2
Does following a Mediterranean diet decrease the likelihood of cardiovascular disease in people at high risk?,0
Does the probability of dying from cardiovascular disease decrease in people who have already had a heart attack?,0
Does Grander water have health benefits compared to untreated drinking water?,1
"Does astaxanthin protect against cardiovascular disease, cancer or prolong life?",1
Do products from the noni fruit promote health?,1
Can spending time at waterfalls on a regular basis provide lasting improvement in asthma symptoms?,1
Does goji help with serious diseases like cancer or prevent heart attacks?,1
Are amla supplements effective and safe in lowering high cholesterol?,1
"Does inhaling hive air have health benefits for asthma, allergies or other conditions?",1
Can chlorinated water from baby swimming cause asthma or allergies later in childhood?,1
Is a lot of sunlight in childhood and adolescence a cause of age-related macular degeneration?,1
Does wearing sunglasses in childhood and adolescence protect against macular degeneration in old age???,1
Does water from jugs with semi-precious stones have a positive health effect?,1
Is calcium from Japanese coral safe and effective in preventing disease?,1
Does the observance of feng shui design rules help against bad sleep?,1
Does taking vitamin C prevent motion sickness?,1
Do Lifewave patches improve health or athletic and mental performance?,1
Are there differences in hair removal effectiveness between IPL and diode laser?,2
Does carbonic acid cause cancer?,2
Does carbonic acid have any health effects on the digestive tract???,1
Does wearing compression stockings on a long-haul flight prevent thrombosis (blood clots) and the associated symptoms?,0
Can extracorporeal shock wave therapy relieve heel pain if the cause is tendonitis or a heel spur?,0
Does an extract from the African black bean (active ingredient 5-hydroxytryptophan) help against lovesickness?,1
Does a mixture of hops and other natural remedies help with sleep problems?,2
Do hops as a single active ingredient help with sleep problems???,1
Does taking a mushroom called reishi benefit cancer?,1
Can labor pain during childbirth be relieved by aromatherapy with lavender oil?,0
Can the duration of childbirth be reduced by aromatherapy with lavender oil?,1
Does a patch with high-dose capsaicin relieve pain after shingles?,0
Does a patch with high-dose capsaicin relieve pain in diabetes mellitus or infection with HIV?,1
Does industrially highly processed food increase the risk of cancer?,0
Does propolis have a healing or soothing effect on inflammation in the mouth (in otherwise healthy people)?,1
Do amalgam fillings affect the mental development of school children compared to plastic dental fillings?,2
Does curcumin protect healthy people from mental impairment or even from developing dementia?,1
Does curcumin protect people with already diagnosed dementia from further decline in mental abilities???,2
Do preparations with humic acids help with diseases or complaints of the stomach and intestines?,1
Does an extract from grapefruit seeds work against fungal diseases such as athlete's foot or nail fungus?,1
Does taking rosehip powder for rheumatoid arthritis improve symptoms?,2
Does taking rosehip powder for osteoarthritis alleviate the symptoms???,1
Can the genetic blood test for Down syndrome (trisomy 21) predict whether the unborn child is affected - in pregnant women at increased risk?,0
"Do preparations with rose root have an effect against stress and its consequences, e.g. exhaustion?",1
Is microwave therapy effective and safe for long-term reduction of excessive sweating (primary hyperhidrosis) in adults?,1
Does ointment with comfrey help against back pain and knee pain better than a placebo?,0
Does ointment with comfrey help with ankle sprains and sore muscles???,1
Can chlorhexidine in the form of dental varnish prevent the formation of caries in adults?,2
"Can chlorhexidine in the form of mouth rinses and gels for home use in children and adults, and as a dental varnish in children, prevent the formation of caries?",1
Does a legal smoking ban reduce the likelihood of cardiovascular disease in nonsmokers?,0
Do pregnant women who take vitamin D have a lower risk of preterm birth?,0
Do pregnant women who take vitamin D in combination with calcium have a lower risk of preterm birth?,2
Does aromatherapy have a calming effect on agitation and aggression typical of dementia?,1
Does aromatherapy have other positive effects for dementia patients???,1
Does tomato extract reduce the risk of cardiovascular disease?,1
Does quitting smoking prolong life?,0
Does eating eggs increase the risk of cardiovascular disease?,2
"Does oseltamivir (brand name ""Tamiflu"") reduce the severity and duration of influenza in otherwise healthy adults?",0
"Is active surveillance (""active surveillance"") of patients with low-risk prostate cancer associated with increased prostate cancer mortality risk in the long term?",1
"Does Active Surveillance reduce the likelihood of becoming impotent or incontinence, i.e. unintentional urine leakage ??",0
Do extracts of prickly pear (Opuntia ficus-indica) help with hangover symptoms after alcohol consumption?,1
Do statins help older people suffering from cardiovascular disease to live longer? Do they reduce the risk of heart attack and stroke?,0
Are statins useful in preventing cardiovascular disease in people 75 years and older???,1
"Is Traumeel gel or ointment effective for sports injuries such as sprains, bruises and strains?",1
Are weather phenomena and weather changes triggers of migraine attacks?,1
Does artichoke preparation help with gastrointestinal problems?,1
Does prickly pear help with long-term weight loss?,1
Can turmeric relieve the symptoms of depression?,1
Do phthalates affect semen quality in men?,0
Do phthalates reduce the likelihood of pregnancy in women?,1
Does ginseng improve mental performance in healthy individuals and patients with Alzheimer's dementia?,1
Does leaky gut syndrome cause health complaints or diseases?,1
Does the Alexander Technique help with back pain and neck pain?,0
Do the components of the Moringa oleifera tree have a positive effect on health?,1
"Does an extract from the root of the Cape geranium (Pelargonium sidoides, Umckaloabo) work against bronchitis?",0
Does geranium extract help against colds and sinusitis???,1
Does taking DHEA have an anti-aging effect by increasing the physical and mental well-being of older people?,2
Can DHEA prolong life or improve health in old age?,1
Can the proper use of fluoride toothpaste cause serious long-term health problems?,1
Does fluoride toothpaste prevent tooth decay?,0
Do products with the tropical fruit mangosteen promote health?,1
"Are topical agents containing acids and oils, such as Excilor and Nailner, effective for nail fungus?",1
Can weight loss programs reduce obesity in children and adolescents?,0
Does valerian help with sleep disorders?,1
Is milk thistle extract an effective treatment for liver disease?,1
Do dietary supplements with amino acids and proteins help against muscle atrophy in old age (sarcopenia)?,1
Can music therapy help people affected by stroke learn to walk normally again?,0
Can music therapy help stroke victims with other problems???,1
Does plant or animal protein have an influence on lifespan?,0
Does chicken soup help with colds?,1
"Do herbal remedies containing an extract of Chinese tragacanth root, such as Lectranal or Allvent, help against allergies?",1
Does alkaline water keep you healthy or can it prevent disease?,1
Do remedies with hops or valerian help with anxiety disorders?,1
Do extracts of African devil's claw (Harpagophytum procumbens) relieve pain in patients with osteoarthritis?,1
Can probiotics prevent diarrhea after treatment with antibiotics?,0
Is exercise an effective measure to combat depression?,0
Can a tantrum trigger a heart attack?,0
Can anger over a long period of time increase the risk of heart attack???,1
Can capsules with omega-3 fatty acids from fish oil relieve depression?,1
Does regular consumption of coffee increase the risk of heart disease such as heart attack or stroke?,2
Do cesarean babies have a higher risk of becoming overweight later in life?,0
Do cesarean babies have a higher risk of asthma and allergies later in life? Do they have an increased risk of type 1 diabetes??,1
Does the pregnancy hormone hCG help with weight loss?,2
Does cupping relieve chronic neck and back pain?,1
Can eating broccoli or broccoli sprouts improve gastritis symptoms?,1
Do Schuessler salts work? (alternative spellings: Schuessler salts or Schuessler salts),1
Does pelvic floor training help women with stress-related urinary incontinence?,0
Can methadone enhance the effects of chemotherapy or other cancer treatments and help cure cancer?,1
Can treatment with tea tree oil relieve pimples (acne)?,0
Does sugar consumption impair memory or other mental performance?,1
Does extra folic acid in men help prevent birth defects in children?,1
Does taking ginger reduce nausea and vomiting during pregnancy?,1
Does taking ginger prevent motion sickness??,1
Are electric cigarettes less harmful than tobacco smoking?,1
Does parents licking the pacifier protect children from allergic diseases?,1
Does calcium help with allergy?,1
Can taking vitamin D relieve chronic pain?,1
Does aloe vera relieve discomfort caused by psoriasis?,1
"Does aloe vera help with neurodermatitis, poorly healing or fresh wounds?",1
Does electromagnetic radiation from cell phone towers cause health problems such as headaches or sleep disorders?,2
Can antibiotic-resistant germs from animal husbandry be transferred to humans?,0
Does the use of antibiotics in animal husbandry harm human health?,1
Does regular vitamin D intake lower the risk of cancer in adults?,2
Does regular consumption of ground flaxseed harm health?,1
1. can MMR vaccination cause autism?,2
3. does vaccination against rotavirus increase the risk of intestinal intussusception in infants?,0
Is ozone suitable for the treatment of tooth decay?,1
Does the so-called blood group diet have any health benefits?,1
"Can pumpkin seeds or preparations from them help women and men with irritable bladder, bladder weakness or incontinence?",1
"Do products from bees like honey, propolis, royal jelly or bee venom help against cancer?",1
Do pumpkin seed preparations improve symptoms caused by a benign enlarged prostate?,2
"Can gels and ointments containing arnica, hawthorn, cypress, butcher's broom, Asian (or Indian) pennywort, and heparin, such as VaricoFix, relieve discomfort and secondary symptoms of varicose veins?",1
Does putting onion bags help with acute otitis media?,1
Can serious problems occur after stopping antidepressants?,0
Does self urine help with health problems?,1
Do unsaturated fats (from plants and fish) reduce cardiovascular disease compared to saturated fats (from meat and dairy products)?,0
Is a vegetarian diet including eggs and dairy products healthier than a diet that includes meat?,0
Can washing hands with antibacterial soaps or wash lotions containing triclosan or triclocarban prevent the risk of contracting diseases in the household?,2
Can hand washing with antibacterial soaps or wash lotions containing other disinfectants reduce the risk of infection compared to regular soap???,1
Does homeopathy work better than a placebo?,2
Does toothpaste containing xylitol reduce the risk of caries?,0
"Do other xylitol-containing products (e.g. chewing gums, sweets, mouth rinses) reduce the risk of caries in addition to normal dental care?",1
Are paper towels or electric dryers more hygienic after washing hands?,1
"Are soy foods risky for people with unremarkable, or subclinical, hypothyroidism?",1
Does taking vitamin B3 prolong life?,1
"Can taking Ribose help with heart conditions such as heart failure, narrowing of the coronary arteries (coronary artery disease), or heart attack?",1
Are vitamins and minerals effective and safe in lowering cholesterol?,1
Is fasting effective and safe in the long term for arthritis and other diseases?,1
Do green smoothies promote health?,1
Does chocolate have a mood-lifting effect?,0
Do sprouts or buds have a healing effect?,1
Is belly fat or is a large abdominal girth particularly dangerous for health?,0
"Can choline ingested with food - alone or in the form of lecithin, for example - improve memory?",1
Does white sugar cause cancer?,1
Do wound care products with sodium hypochlorite such as ActiMaris promote the healing process of wounds?,1
Does the dietary supplement MSM help with osteoarthritis?,0
"Is wheat lectin, which is found in high amounts especially in whole wheat, harmful to health?",2
Is it harmful to health to regularly eat large quantities of fish contaminated with dioxins and polychlorinated biphenyls (PCBs)?,1
Is the DMPS test suitable to reliably indicate mercury poisoning?,1
Can stevia lower high blood pressure?,0
Is eating genetically modified corn a health concern?,1
Are privately performed IgG tests to clarify food intolerances meaningful?,1
Is a gluten-free diet recommended for people who do not have celiac disease?,1
Does the plant substance nobiletin contained in mandarins protect against weight gain?,1
Does consumption of dairy products in middle and advanced age protect against bone fractures?,2
Is the milk of horn-bearing cows less rich in allergens and more easily tolerated by lactose-intolerant individuals?,1
"Does daily flossing protect against tooth decay, periodontitis and tooth loss?",1
Do protein supplements help build muscle?,1
Does music therapy promote recovery from severe limitations of consciousness after severe brain injury?,1
Can eating grapefruit in combination with some medications lead to harmful interactions?,0
Can regular consumption of chocolate prevent cardiovascular disease?,0
Is barley grass good for health?,1
Are diets with reduced carbohydrate content better for weight loss than other weight loss programs?,2
Does taking probiotics during pregnancy and early life protect children from atopic dermatitis?,0
Is Bulletproof Coffee recommended?,1
Do apples help with smoking cessation?,1
Do products made from fenugreek seeds help you lose weight?,1
Does skipping breakfast increase heart attack risk?,1
Does wheat make you fat and sick?,1
Do whole grains lower the likelihood of dying early?,0
"Does the consumption of dairy products promote mucus and diseases of the ear, nose and throat?",1
Does regular consumption of energy drinks harm heart health?,1
Do light drinks promote obesity?,1
Does coffee reduce the risk of dementia?,0
Does sugar consumption increase the risk of developing type 2 diabetes regardless of obesity?,0
Does a lower salt diet reduce the likelihood of cardiovascular disease?,0
Is less eaten from red plates?,0
Does red wine protect better against cardiovascular disease than white wine?,1
Do azo food dyes cause attention deficit disorder and hyperactivity in children?,0
Does turmeric prevent or cure cancer?,1
Does breastfeeding reduce the risk of sudden infant death syndrome?,0
"Do boron preparations such as borax, boric acid, or calcium fructoborate relieve pain associated with age-related joint wear (osteoarthritis)?",1
Can glutamate in food cause intolerance symptoms?,1
Does the Orthopulse device accelerate the orthodontic correction of malocclusions?,1
Is it harmful for the mental development of the unborn child if the mother regularly eats fish contaminated with mercury during pregnancy?,0
Can the consumption of caffeine during pregnancy harm the unborn child?,1
Are vegetables prepared in a microwave oven less healthy than those prepared in other ways?,2
Can garlic extract reduce high blood pressure and thus the risk of cardiovascular disease?,1
Can fructose damage the liver?,1
Can green tea affect the likelihood of dying early and reduce the risk of cardiovascular disease?,0
Is matcha tea particularly healthy?,1
Can acupuncture prevent migraines and tension headaches?,0
Can green tea reduce the likelihood of dying from cancer ?,2
Can plant sterols or foods with them reduce the risk of cardiovascular disease?,1
Can too much iodine cause autoimmune thyroid disease and consequently hypothyroidism?,0
Is the sweetener aspartame harmful to health?,2
Does coffee affect cancer death risk?,2
Do diets with primarily or exclusively uncooked foods have health benefits?,1
Can increased water consumption prevent migraines or other headaches?,1
"Offer the following herbal appetite suppressants effective and safe weight loss support:
Devil's Tongue (Konjac Root), Caralluma fimbriata, Garcinia cambogia, Gymnea sylvestre, Ephedra, Irvinia gabonensis, Fenugreek, Hoodia gordonii, Common Bean, Bitter Orange?",1
Are there health benefits to screening the general population for chronic obstructive pulmonary disease (COPD) as a precaution?,2
Can cow's milk cause iron deficiency in babies in the first year of life?,0
Does cow's milk for babies have other health disadvantages??,1
Does drinking breast milk as a baby have a positive effect on later health and development?,0
Does Almased help with excess weight better than other diets?,1
"Do products with talc, such as baby powder, increase the risk of ovarian cancer?",1
"Do large portions, large plates or glasses, and larger packaging cause us to eat and drink more?",0
Does taking coconut oil improve mental abilities in dementia like Alzheimer's disease?,1
"Does the preparation ""CAPS immu"" from Ringana reduce the risk of infections in healthy people?",1
Do extracts from grape seeds have a health-promoting effect?,1
Is the administration of magnesium through the skin effective?,1
Do kava kava supplements help with anxiety disorders?,0
Do ultrasound devices help against dust mites?,1
"Does the risk of food allergy decrease if babies are fed potentially allergenic foods (cow's milk, peanuts, chicken egg) as late as possible for the first time?",2
"for fish, sesame, wheat?",2
"Can willow bark tea help with inflammation, pain or fever?",1
"Can a supposedly ""high acid"" diet weaken bones?",2
"Does a supposedly ""alkaline-rich"" diet prevent chronic diseases?",1
Can a blood test detect mental illness?,1
Is surgery for an anterior cruciate ligament tear (by replacing the broken anterior cruciate ligament with tendon tissue from another part of the leg) followed by physical therapy better than physical therapy alone?,2
Can motherwort reduce migraine attacks?,0
Does metal in bed disturb sleep?,1
Does heat treatment (radiofrequency ablation or radiofrequency heat ablation of benign nodules of the thyroid gland work as well as conventional surgical methods?,1
Does Imunoglukan strengthen the immune system?,1
Do cell phones promote the development and growth of tumors in the head?,1
Does wearing bras promote breast cancer risk?,1
Are tattoo inks harmful to health?,1
Do plant hormones (phytoestrogens) other than genistein reduce the number and intensity of hot flashes during menopause?,1
Does the herbal hormone genistein reduce the number and intensity of hot flashes during menopause???,0
Does bloodletting according to Hildegard von Bingen have health benefits?,1
Can FGXpress Power Strips reduce pain or improve wound healing?,1
Does treatment according to the fascial distortion model help with chronic shoulder pain?,0
Are there effective alternatives to the breathing mask (CPAP) for sleep apnea?,2
Does closure of the foramen ovale prevent further strokes in people who have had a stroke of unknown cause?,0
Does stimulation current therapy (TENS - Transcutaneous Electrical Nerve Stimulation) help with worn knee joints (knee osteoarthritis)?,1
Does taking magnesium salts decrease the frequency and intensity of muscle cramps with unknown cause?,2
Does taking magnesium salts reduce the frequency and intensity of exercise-induced muscle cramps during sports?,1
Does taking magnesium salts reduce the frequency and intensity of muscle cramps in pregnancy?,0
Does the active ingredient rivaroxaban (drug Xarelto) have a higher risk of dangerous bleeding than other anticoagulants?,2
Does vitamin D protect against dementia or memory loss?,1
Does brain training boost intelligence?,2
Does petroleum help against cancer?,1
Does lavender scent help with sleep disorders?,1
Does the drug Sovaldi (sofosbuvir) enable high cure rates for chronic hepatitis C?,0
Does alpha lipoic acid help prevent or treat Alzheimer's disease?,1
Are Vemma products good for health?,1
Do over-the-counter cough medicines relieve cough symptoms?,1
Does a diet rich in vitamin K2 protect against diseases of the cardiovascular system?,1
Can shoe insoles relieve pain in people with high arches?,0
Can shoe insoles relieve pain in people with foot deformities other than high arch?,1
Can dowsers find harmful soil zones or water veins?,2
Does bioresonance therapy help with health complaints?,2
Do irradiations with cold red light help with chronic gingivitis?,2
Does the Aspire system help you lose weight?,0
Can FLEXISEQ ointment relieve osteoarthritis pain?,1
Can butterbur prevent migraine attacks?,0
Does bisphenol A trigger allergies?,1
Can maggots accelerate the healing of chronic wounds compared to conventional treatment?,2
Do electric toothbrushes protect oral health better than manual brushes?,0
Do antidepressants from the group of serotonin reuptake inhibitors help with depression?,0
Is there a health risk from metal contaminants in lipsticks?,1
Can topiramate reduce the frequency of migraine attacks?,0
Does particulate matter pollution increase the risk of heart attack - even if the EU limits are complied with?,0
Are endocrine disruptors in cosmetics a health risk?,1
"Can a dietary supplement containing omega-3 fatty acids, lipids, vitamins, and nutrients (""Souvenaid"") noticeably slow or halt the decline of mental performance in Alzheimer's disease?",2
Do vitamin E supplements increase the likelihood of early death?,0
Does meditation help against stress?,0
Are there methods that effectively help against hormonal hair loss?,0
Does eye training help prevent myopia?,2
Does Cryolipolysis cause noticeable body fat reduction?,1
Is acupuncture for chronic pain more effective than placebo acupuncture treatment?,0
Can Internet-based self-help training based on cognitive behavioral therapy reduce the burden of tinnitus?,0
Do probiotic foods have an antidepressant effect or a positive effect on the mind?,1
Does treatment with radioactive agents help with pain in chronic inflammatory joint disease?,0
Does frequent porn use reduce gray matter volume in the brain?,1
Can the active ingredient acetyl salicylic acid (ASA) protect against cancer?,0
Is tick-borne tick-borne encephalitis (TBE) much milder in children than in adults?,0
"Does treatment with cyanoacrylate (for example, Sapheon Venasealâ¢) help against varicose veins as well or better than other methods?",1
"Did oseltamivir (TamifluÂ®) or other neuraminidase inhibitors help reduce deaths from the H1N1 influenza virus (""swine flu"" virus)?",1
Is aluminum intake responsible for the development of Alzheimer's disease?,1
Can regular exercise prevent or relieve migraine symptoms?,0
Does less than 7h of sleep daily increase mental performance?,2
Does regular intake of extra virgin olive oil protect against coronary heart disease such as heart attack?,0
Do frequent ejaculations have a protective effect against prostate cancer?,0
Does condom use cause depression in women?,1
Do today's children have a shorter life expectancy than their parents?,0
Do rising temperatures and CO2 levels increase the risk of pollen allergy?,1
Does training on vibration platforms cause a noticeable buildup of muscle strength?,0
Does glucosamine prolong life?,0
Does Kinesio tape help in the treatment of joint and muscle injuries?,1
Do injections with Botulinum Toxin A (BotoxÂ®) help with urinary incontinence?,0
Can apigenin reduce cancer risk or prevent cancer progression?,2
Do generic drugs work as well as original drugs?,0
Are animal-assisted therapies effective for mental illness?,0
Can lack of sleep cause obesity?,1
Is breaking an energy-saving lamp harmful to health?,1
Does copper intake increase the risk of Alzheimer's disease?,1
Do air ions cause an improvement of allergies?,1
Do air ions cause an improvement of asthma??,2
Do smoking bans lead to fewer preterm births?,0
Do special garments with the active ingredient Liporeductyl help against cellulite?,1
Does alcohol in moderate amounts prolong life?,0
Does caffeine make us die sooner???,1
Does light freezing help with weight loss?,1
Does acupuncture help against hay fever?,1
Do earrings cause discomfort by destroying acupuncture points or meridians?,1
"Does the ""Rolfing"" treatment cause an improvement of body malpositions as well as certain pains?",1
Does marijuana use reduce the risk of developing diabetes?,0
Do fish oil capsules promote prostate cancer?,0
Does virgin conception exist?,1
Are movement exercises useful for back pain?,0
Does taking the birth control pill adversely affect mate choice? (Reader inquiry),1
Does UV light reduce the risk of cardiovascular disease?,1
"Is the GynefixÂ® contraceptive necklace as effective for contraception as the birth control pill or the ""IUD""?",0
Can coenzyme Q10 lead to a rejuvenation of the skin's appearance?,1
Is there an increased risk of long-term effects on the unborn child with chemotherapy starting in the 2nd trimester of pregnancy?,0
Can regular screening significantly reduce the risk of dying from prostate cancer?,2
Does removal and examination of the first lymph nodes after the prostate is affected by cancer (sentinel lymph nodes or sentinel lymph nodes) improve the chances of cure? (Reader Inquiry),1
Can a treatment with singing bowls relieve pain?,2
"Is the HIV saliva self-test, which is about to be approved in the U.S., as reliable as a laboratory test or a rapid test at the doctor's office?",0
Does religion promote mental health?,1
Do braces treatments have preventive medical benefits in addition to aesthetic ones?,1
"What are the advantages and disadvantages of vaccinating infants simultaneously with the usual six-dose vaccine (against diphtheria, tetanus, polio, pertussis, hepatitis B, and Haemophilus influenzae B) and a pneumococcal vaccine? (Reader inquiry)",0
Does the use of laptops with active WLAN (wireless internet access) affect sperm quality in men?,1
Can phthalates cause diabetes?,0
Does staining brain tumors with the dye aminolevulinic acid before surgery help patients survive longer?,1
"Can exercise prevent premature deaths from heart attacks, strokes, heart failure, and pre-diabetes as effectively as medication?",0
Can taking the enzyme diamino oxidase prevent alcohol-related hangover symptoms?,1
Can an anti-oxidant such as pseudocatalase stop or reverse hair graying?,1
Can sexual activity relieve headaches?,1
Does transcranial direct current stimulation help against severe depression?,1
Is the success of conventional treatment of a herniated disc equivalent to that of disc surgery?,0
Does regular use of sleeping pills promote the risk of death or cancer?,0
Does increased time outdoors inhibit myopia in children?,0
Do household cleaners and room fresheners in spray form cause damage to the heart?,1
Can exercise improve mental performance impaired by alcohol consumption?,1
Can over-the-counter combination medications help with tension headache and migraine better than medications containing only single active ingredients?,0
Does hyperthermia treatment support chemotherapy in fighting cancer? (anonymous request with link to the Standard article),0
Can stress promote dementia?,0
Does the risk for the unborn child to develop asthma later on increase if the mother is exposed to high pollen concentrations during pregnancy?,1
Are children conceived in May more likely to be born prematurely than children conceived in other months?,0
Does osteopathy work?,0
Do creams with sterol compounds improve the appearance of cellulite skin?,1
"For women at high risk of breast cancer, does a precautionary mastectomy make more sense than regular participation in intensive screening?",1
Does tocilizumab specifically help children with rheumatoid arthritis (juvenile idiopathic arthritis) ?,0
Does the Toxoplasma gondii parasite affect suicide rates?,0
Is Exemestane better than other hormone-altering drugs for reducing the risk of breast cancer or treating it?,0
Does a newly approved contraceptive pill with the active ingredient combination nomegestrol acetate and 17Ã-estradiol have fewer undesirable side effects than other birth control pills?,2
Does PrEP reduce the risk of HIV infection?,0
"Does exercise, a restricted diet, or both together help prevent excessive weight gain during pregnancy?",0
Does taking antibiotics for acute sinusitis speed up the healing of the infection?,0
Does colonoscopy reduce mortality from colorectal cancer?,0
Do nicotine replacement products like nicotine gum or nicotine patches help with long-term smoking cessation?,0
"Is short, high-intensity training equally effective as longer, moderate-intensity training?",0
Do behavioral therapy methods help with specific fears (phobias) such as fear of spiders?,0
"Can honey accelerate the healing of second degree burns with pain, redness and blisters?",0
"Does honey heal small, fresh wounds faster than the usual wound treatment?",1
"Does honey work better than other wound treatments for chronic wounds (open leg, diabetic foot)?",2
Does sitting for long periods despite compensatory exercise increasingly lead to type 2 diabetes?,1
Do acupuncture or related smoking cessation methods help you stay smoke-free for at least 6 months?,0
Do gastrointestinal surgeries (bariatric surgeries) improve symptoms of type 2 diabetes?,0
Is there a connection between ADHD and neurodermatitis?,0
Can injections with the enzyme collagenase straighten fingers bent by Dupuytren's disease without surgery? (Reader inquiry),0
Do mindfulness-based methods effect improvement in chronic pain?,1
Does high air pollution increase the risk for the unborn to develop autism later in life?,1
Is it harmful to health to eat apple cores with the apple?,2
Can taking selenium prevent cancer?,2
Does mesotherapy help against pain?,2
Do general health checkups lead to longer life?,2
Can dementia be prevented?,2
Does the plant pigment beta-carotene protect against cancer?,2
Can vitamin supplements protect against life-threatening diseases such as cancer or cardiovascular disease?,2
Is it true that lowering cholesterol does not reduce the risk of cardiovascular disease?,2
Do static magnets help against pain?,2
Does hypnosis help with chronic bowel problems?,0
Does taking vitamin D supplements during pregnancy increase the risk of food allergy for the unborn child?,1
Is combined hormone therapy with estrogen and progestin safe for women in late menopause (after the last menstrual period)?,2
Can negative expectancy reduce the effect of pain medications?,2
Is sex as good an endurance workout as running?,2
Can electrical brain stimulation reduce the amount of food eaten?,1
Are plastic kitchen boards more hygienic than wooden ones?,1
Does excessive beer or alcohol consumption lead to obesity?,1
Do omega-3 fatty acids or a diet rich in fish help with rheumatoid arthritis?,1
Does unprocessed red meat increase the risk of cardiovascular disease?,1
"Does processed red meat (sausages, ham, bacon) increase the risk of cardiovascular disease???",0
Does hawthorn extract help patients with heart muscle weakness (heart failure)?,1
Is glyphosate carcinogenic?,1
Does psychotherapy help with burnout?,0
Is electrical muscle stimulation (EMS) in combination with ordinary fitness training more efficient than fitness training alone?,1
Can vitamin and nutrient supplements prevent the eye disease age-related macular degeneration?,2
Can they delay the progression of eye disease?,0
Do milk or dairy products promote colon cancer and rectal cancer?,2
Does yoga change the genetic makeup?,1
Which of the three most common laser eye surgeries produces the best results and has the fewest side effects?,0
"Can electromagnetic fields with a specific pattern (pulsed electromagnetic fields, PEMF) heal injuries?",1
Does the drug fingolimod reduce the progression of relapsing-remitting multiple sclerosis similarly or better than previous drugs?,0
Can cancer be successfully fought with intentionally induced fever?,1
Can some forms of headache be successfully treated with heat?,1
Does electro-acupuncture on the ear help against pain?,0
Does treatment with the new drug erenumab reduce the number of migraine days per month?,0
Is screening by optical coherence tomography superior to conventional examinations for the early detection of diabetic macular edema?,2
Does the treatment of diabetes-related retinal diseases by injection of VEGF inhibitors provide an advantage compared to conventional laser treatment?,0
Do saw palmetto preparations help with benign prostate enlargement?,2
"Do plant extracts of African plum tree, beta-sitosterol or ryegrass pollen extract (Cernilton) help benign prostate enlargement?",1
Does not wearing bras provide medical benefits?,1
Are there medical benefits to wearing a bra?,1
"Can oral vein products containing herbal active ingredients such as rutosides, hidrosmin, diosmin, extracts of horse chestnut seed and pine bark, Centella asiatica or grape seed extract or the synthetic substances calcium dobesilate or aminaftone relieve symptoms such as itching, restless or swollen legs, pain and cramps in people suffering from varicose veins or chronic venous insufficiency?",0
Do vein preparations for external use help with varicose veins or chronic venous insufficiency?,1
Do milk or dairy products promote bladder cancer?,2
Do milk or dairy products promote prostate cancer?,0
Do green tea products provide effective and safe support for weight loss?,2
Can monk's pepper help with cycle disorders?,1
Does brisk walking lower mortality? Is some exercise better than none at all?,0
Can arthroscopy reduce pain or improve mobility?,2
Do health benefits increase with duration and intensity of exercise?,0
